feature set,n_features,RMSE,MAE,Pearson,Spearman,R2
Audio only (wav2vec2 L8),1536,0.6060094801918032,0.46567440562219936,0.801880364912635,0.8000675920562668,0.6426300970774061
Interpretable features,21,0.7274449653704375,0.5772988395560021,0.697136398508699,0.7034660806824897,0.4850566870021211
Sentence embedding,768,0.7781594198549063,0.631513105585079,0.6410086352043496,0.6564210074066988,0.4107544708727998
CoLA embedding,768,0.6438364925997031,0.5178366261012819,0.7725022121736754,0.7823863455244479,0.5966237581091702
All text features,1557,0.6264695377468006,0.4980603016827966,0.7862039254973753,0.7970535008392763,0.6180917376586802
Text + audio,3093,0.5648306469253722,0.4395767672434032,0.8305116922009045,0.8298702964817203,0.6895471553184515
Audio only (Whisper encoder),1536,0.5549098201896545,0.4298093388886509,0.8375209257288098,0.8349421043775982,0.7003571225258544
Both audio blocks,3072,0.560503448820447,0.4263672700500437,0.8334521012255742,0.83163330661005,0.6942857263329303
Text + Whisper audio,3093,0.5467148060683843,0.41912447774757505,0.8422027606737942,0.8414493255997583,0.7091421369702218
Text + both audio,4629,0.535241538525484,0.4102456350256795,0.8494697583382383,0.8472882004868512,0.7212218327436499
